PRAGMA foreign_keys=OFF;
BEGIN TRANSACTION;
CREATE TABLE "schema_migrations" ("version" varchar NOT NULL PRIMARY KEY);
INSERT INTO "schema_migrations" VALUES('20181227071743');
INSERT INTO "schema_migrations" VALUES('20181227071753');
INSERT INTO "schema_migrations" VALUES('20181227071805');
INSERT INTO "schema_migrations" VALUES('20190123070639');
CREATE TABLE "ar_internal_metadata" ("key" varchar NOT NULL PRIMARY KEY, "value" varchar, "created_at" datetime NOT NULL, "updated_at" datetime NOT NULL);
INSERT INTO "ar_internal_metadata" VALUES('environment','development','2019-01-27 12:17:13.199382','2019-01-27 12:17:13.199382');
CREATE TABLE "tasks" ("id" integer PRIMARY KEY AUTOINCREMENT NOT NULL, "head" varchar, "body" varchar, "user_id" integer, "created_at" datetime NOT NULL, "updated_at" datetime NOT NULL);
INSERT INTO "tasks" VALUES(1,'Water the plants','have not watered in a long time',1,'2019-01-27 12:17:25.879883','2019-01-27 12:17:25.879883');
INSERT INTO "tasks" VALUES(2,'Buy a new paintbrush','daler-rowney brand preferred',1,'2019-01-27 12:17:25.973900','2019-01-27 12:17:25.973900');
INSERT INTO "tasks" VALUES(3,'Chew gum','don''t worry i''m going overseas soon, i''ll do it then',1,'2019-01-27 12:17:26.119033','2019-01-27 12:17:26.119033');
INSERT INTO "tasks" VALUES(4,'Destroy some bellcurves','guess i''m out of gum',1,'2019-01-27 12:17:26.219396','2019-01-27 12:17:26.219396');
INSERT INTO "tasks" VALUES(5,'Fire my railgun','only my railgun can shoot it 今すぐ',1,'2019-01-27 12:17:26.307810','2019-01-27 12:17:26.307810');
CREATE TABLE "tags" ("id" integer PRIMARY KEY AUTOINCREMENT NOT NULL, "name" varchar, "user_id" integer, "created_at" datetime NOT NULL, "updated_at" datetime NOT NULL);
INSERT INTO "tags" VALUES(1,'lifestyle',1,'2019-01-27 12:17:26.426346','2019-01-27 12:17:26.426346');
INSERT INTO "tags" VALUES(2,'fun',1,'2019-01-27 12:17:26.540598','2019-01-27 12:17:26.540598');
INSERT INTO "tags" VALUES(3,'urgent',1,'2019-01-27 12:17:26.640926','2019-01-27 12:17:26.640926');
INSERT INTO "tags" VALUES(4,'social',1,'2019-01-27 12:17:26.729062','2019-01-27 12:17:26.729062');
CREATE TABLE "users" ("id" integer PRIMARY KEY AUTOINCREMENT NOT NULL, "username" varchar, "password_digest" varchar, "created_at" datetime NOT NULL, "updated_at" datetime NOT NULL);
INSERT INTO "users" VALUES(1,'jason','$2a$10$ph.xcqYLDgBtnS1NE00mYeyEmGSp/hhKcUggPq4to7ECvuZkRuqtS','2019-01-27 12:17:25.592195','2019-01-27 12:17:25.592195');
INSERT INTO "users" VALUES(2,'mikoto','$2a$10$U7bFPALKFVX0WRgUBJCZteFsrrvMPgBs.9iQiuzodQ0I3Fglx0edi','2019-01-27 12:17:25.772635','2019-01-27 12:17:25.772635');
CREATE TABLE "taggings" ("id" integer PRIMARY KEY AUTOINCREMENT NOT NULL, "task_id" integer, "tag_id" integer, "created_at" datetime NOT NULL, "updated_at" datetime NOT NULL);
INSERT INTO "taggings" VALUES(1,1,3,'2019-01-27 12:17:26.856043','2019-01-27 12:17:26.856043');
INSERT INTO "taggings" VALUES(2,2,1,'2019-01-27 12:17:26.952212','2019-01-27 12:17:26.952212');
INSERT INTO "taggings" VALUES(3,2,4,'2019-01-27 12:17:26.954213','2019-01-27 12:17:26.954213');
INSERT INTO "taggings" VALUES(4,4,1,'2019-01-27 12:17:27.062276','2019-01-27 12:17:27.062276');
INSERT INTO "taggings" VALUES(5,4,2,'2019-01-27 12:17:27.064661','2019-01-27 12:17:27.064661');
INSERT INTO "taggings" VALUES(6,5,1,'2019-01-27 12:17:27.206288','2019-01-27 12:17:27.206288');
INSERT INTO "taggings" VALUES(7,5,2,'2019-01-27 12:17:27.208290','2019-01-27 12:17:27.208290');
INSERT INTO "taggings" VALUES(8,5,4,'2019-01-27 12:17:27.209304','2019-01-27 12:17:27.209304');
DELETE FROM sqlite_sequence;
INSERT INTO "sqlite_sequence" VALUES('users',2);
INSERT INTO "sqlite_sequence" VALUES('tasks',5);
INSERT INTO "sqlite_sequence" VALUES('tags',4);
INSERT INTO "sqlite_sequence" VALUES('taggings',8);
CREATE INDEX "index_tasks_on_user_id" ON "tasks" ("user_id");
CREATE INDEX "index_tags_on_user_id" ON "tags" ("user_id");
CREATE INDEX "index_taggings_on_task_id" ON "taggings" ("task_id");
CREATE INDEX "index_taggings_on_tag_id" ON "taggings" ("tag_id");
COMMIT;
